name,category,price,rating,brand,performance,battery,camera,description
Samsung Galaxy A55,Mobile,38999,4.4,Samsung,8,9,8,"Good performance, battery and camera"
OnePlus Nord 4,Mobile,32999,4.5,OnePlus,9,9,8,"Fast performance with excellent battery"
Google Pixel 8a,Mobile,42999,4.5,Google,8,8,10,"Excellent camera and clean Android experience"
Nothing Phone 2a,Mobile,24999,4.3,Nothing,8,9,7,"Stylish design with good overall performance"
iPhone 15,Mobile,59999,4.6,Apple,9,8,9,"Premium phone with strong performance"
Samsung Galaxy S24,Mobile,69999,4.7,Samsung,10,9,9,"Flagship performance and excellent display"
OnePlus 12R,Mobile,39999,4.6,OnePlus,10,10,8,"Powerful performance and large battery"
Redmi Note 13 Pro,Mobile,25999,4.3,Xiaomi,8,9,9,"Affordable phone with good camera"
Realme GT 6,Mobile,40999,4.5,Realme,10,9,8,"High performance phone for demanding users"
Vivo V30,Mobile,34999,4.4,Vivo,8,9,9,"Good camera and battery life"
Dell Inspiron 15,Laptop,54999,4.3,Dell,8,8,7,"Reliable laptop for students and coding"
HP Pavilion 14,Laptop,59999,4.4,HP,8,8,8,"Balanced laptop for study and productivity"
Lenovo IdeaPad Slim 5,Laptop,57999,4.5,Lenovo,9,8,7,"Good performance for coding and college work"
ASUS Vivobook 15,Laptop,52999,4.4,ASUS,9,8,7,"Lightweight laptop with good performance"
Acer Aspire 5,Laptop,49999,4.2,Acer,8,8,7,"Budget-friendly laptop for everyday work"
Sony WH-1000XM5,Headphones,29999,4.6,Sony,9,10,7,"Premium headphones with excellent noise cancellation"
OnePlus Buds 3,Headphones,5499,4.4,OnePlus,8,9,7,"Good sound quality and battery life"
JBL Tune 770NC,Headphones,6999,4.5,JBL,8,9,7,"Comfortable headphones with strong battery"
boAt Rockerz 550,Headphones,1999,4.2,boAt,7,8,6,"Affordable headphones for everyday use"
Nike Revolution 7,Shoes,4999,4.4,Nike,8,7,7,"Comfortable shoes for daily running"
Adidas Runfalcon 3,Shoes,3999,4.3,Adidas,8,7,7,"Lightweight running shoes for everyday use"
Puma Softride Enzo,Shoes,4499,4.4,Puma,8,8,7,"Comfortable shoes for running and walking"